title,authors,year,journal,volume,issue,pages,doi,source
Emergence of synchronized growth oscillations in filamentous fungi,Prakash P; Jiang X; Richards L; Schofield Z; Schäfer P; Polin M; Soyer OS; Asally M,2024,Journal of The Royal Society Interface,21,219,20240574,10.1098/rsif.2024.0574,https://api.crossref.org/works/10.1098/rsif.2024.0574
Membrane potential dynamics unveil the promise of bioelectrical antimicrobial susceptibility Testing (BeAST) for anti-fungal screening,de Souza-Guerreiro TC; Huan Bacellar L; da Costa TS; Edwards CLA; Tasic L; Asally M,2024,mBio,15,8,e01302-24,10.1128/mbio.01302-24,https://api.crossref.org/works/10.1128/mbio.01302-24
Thioflavin T indicates mitochondrial membrane potential in mammalian cells,Skates E; Delattre H; Schofield Z; Asally M; Soyer OS,2023,Biophysical Reports,3,4,100134,10.1016/j.bpr.2023.100134,https://api.crossref.org/works/10.1016/j.bpr.2023.100134
Phase-separated nuclear bodies of nucleoporin fusions promote condensation of MLL1/CRM1 and rearrangement of 3D genome structure,Oka M; Otani M; Miyamoto Y; Oshima R; Adachi J; Tomonaga T; Asally M; Nagaoka Y; Tanaka K; Toyoda A; Ichikawa K; Morishita S; Isono K; Koseki H; Nakato R; Ohkawa Y; Yoneda Y,2023,Cell Reports,42,8,112884,10.1016/j.celrep.2023.112884,https://api.crossref.org/works/10.1016/j.celrep.2023.112884
Membrane Targeted Azobenzene Drives Optical Modulation of Bacterial Membrane Potential,de Souza‐Guerreiro TC; Bondelli G; Grobas I; Donini S; Sesti V; Bertarelli C; Lanzani G; Asally M; Paternò GM,2023,Advanced Science,10,8,2205007,10.1002/advs.202205007,https://api.crossref.org/works/10.1002/advs.202205007
Electrotaxis behavior of droplets composed of aqueous Belousov-Zhabotinsky solutions suspended in oil phase,Back O; Asally M; Wang Z; Hayashi Y,2023,Scientific Reports,13,1,1340,10.1038/s41598-023-27639-8,https://api.crossref.org/works/10.1038/s41598-023-27639-8
The dynamics of single-to-multi layer transition in bacterial swarms,Grobas I; Asally M; Polin M,2022,Frontiers in Soft Matter,2,,936779,10.3389/frsfm.2022.936779,https://api.crossref.org/works/10.3389/frsfm.2022.936779
Seeking Insights into Aging Through Yeast Mitochondrial Electrophysiology,de Souza-Guerreiro TC; Asally M,2021,Bioelectricity,3,2,111-115,10.1089/bioe.2021.0011,https://api.crossref.org/works/10.1089/bioe.2021.0011
Swarming bacteria undergo localized dynamic phase transition to form stress-induced biofilms,Grobas I; Polin M; Asally M,2021,eLife,10,,e62632,10.7554/elife.62632,https://api.crossref.org/works/10.7554/eLife.62632
An agent-based model of the interrelation between the COVID-19 outbreak and economic activities,Kano T; Yasui K; Mikami T; Asally M; Ishiguro A,2021,"Proceedings of the Royal Society A: Mathematical, Physical and Engineering Sciences",477,2245,20200604,10.1098/rspa.2020.0604,https://api.crossref.org/works/10.1098/rspa.2020.0604
Biofilm and swarming emergent behaviours controlled through the aid of biophysical understanding and tools,Grobas I; Bazzoli DG; Asally M,2020,Biochemical Society Transactions,48,6,2903-2913,10.1042/bst20200972,https://api.crossref.org/works/10.1042/BST20200972
Bioelectrical understanding and engineering of cell biology,Schofield Z; Meloni GN; Tran P; Zerfass C; Sena G; Hayashi Y; Grant M; Contera SA; Minteer SD; Kim M; Prindle A; Rocha P; Djamgoz MBA; Pilizota T; Unwin PR; Asally M; Soyer OS,2020,Journal of The Royal Society Interface,17,166,20200013,10.1098/rsif.2020.0013,https://api.crossref.org/works/10.1098/rsif.2020.0013
The Microbiologist’s Guide to Membrane Potential Dynamics,Benarroch JM; Asally M,2020,Trends in Microbiology,28,4,304-314,10.1016/j.tim.2019.12.008,https://api.crossref.org/works/10.1016/j.tim.2019.12.008
Scanning Ion Conductance Microscopy Reveals Differences in the Ionic Environments of Gram-Positive and Negative Bacteria,Cremin K; Jones BA; Teahan J; Meloni GN; Perry D; Zerfass C; Asally M; Soyer OS; Unwin PR,2020,Analytical Chemistry,92,24,16024-16032,10.1021/acs.analchem.0c03653,https://api.crossref.org/works/10.1021/acs.analchem.0c03653
One-dimensional reaction-diffusion model for intra- and inter- biofilm oscillatory dynamics,Mikami T; Asally M; Kano T; Ishiguro A,2020,ALIFE 2020,,,712-714,10.1162/isal_a_00261,https://api.crossref.org/works/10.1162/isal_a_00261
Pattern Engineering of Living Bacterial Colonies Using Meniscus-Driven Fluidic Channels,Kantsler V; Ontañón-McDonald E; Kuey C; Ghanshyam MJ; Roffin MC; Asally M,2020,ACS Synthetic Biology,9,6,1277-1283,10.1021/acssynbio.0c00146,https://api.crossref.org/works/10.1021/acssynbio.0c00146
Rapid Detection of Proliferative Bacteria by Electrical Stimulation,LA Edwards C; Malyshev D; Stratford J; Asally M,2020,BIO-PROTOCOL,10,3,e3508,10.21769/bioprotoc.3508,https://api.crossref.org/works/10.21769/BioProtoc.3508
Interrogating metabolism as an electron flow system,Zerfaß C; Asally M; Soyer OS,2019,Current Opinion in Systems Biology,13,,59-67,10.1016/j.coisb.2018.10.001,https://api.crossref.org/works/10.1016/j.coisb.2018.10.001
Electrical Polarization Enables Integrative Quality Control during Bacterial Differentiation into Spores,Sirec T; Benarroch JM; Buffard P; Garcia-Ojalvo J; Asally M,2019,iScience,16,,378-389,10.1016/j.isci.2019.05.044,https://api.crossref.org/works/10.1016/j.isci.2019.05.044
Electrically induced bacterial membrane-potential dynamics correspond to cellular proliferation capacity,Stratford JP; Edwards CLA; Ghanshyam MJ; Malyshev D; Delise MA; Hayashi Y; Asally M,2019,Proceedings of the National Academy of Sciences,116,19,9552-9557,10.1073/pnas.1901788116,https://api.crossref.org/works/10.1073/pnas.1901788116
A reaction-diffusion model for simulating the oscillatory expansion of biofilms,Mikami T; Asally M; Kano T; Ishiguro A,2019,ALIFE 2019,,,218-219,10.1162/isal_a_00164,https://api.crossref.org/works/10.1162/isal_a_00164
Decentralized Control Scheme for Swarm Robots with Self-Sacrifice,Kano T; Asally M; Ishiguro A,2018,ALIFE 2018,,,544-545,10.1162/isal_a_00100,https://api.crossref.org/works/10.1162/isal_a_00100
Impact of spatial organization on a novel auxotrophic interaction among soil microbes,Jiang X; Zerfaß C; Feng S; Eichmann R; Asally M; Schäfer P; Soyer OS,2018,The ISME Journal,12,6,1443-1456,10.1038/s41396-018-0095-z,https://api.crossref.org/works/10.1038/s41396-018-0095-z
Ion channels enable electrical communication in bacterial communities,Prindle A; Liu J; Asally M; Ly S; Garcia-Ojalvo J; Süel GM,2015,Nature,527,7576,59-63,10.1038/nature15709,https://api.crossref.org/works/10.1038/nature15709
Metabolic co-dependence gives rise to collective oscillations within biofilms,Liu J; Prindle A; Humphries J; Gabalda-Sagarra M; Asally M; Lee DyD; Ly S; Garcia-Ojalvo J; Süel GM,2015,Nature,523,7562,550-554,10.1038/nature14660,https://api.crossref.org/works/10.1038/nature14660
Differential Role for Transcription Factor Oct4 Nucleocytoplasmic Dynamics in Somatic Cell Reprogramming and Self-renewal of Embryonic Stem Cells,Oka M; Moriyama T; Asally M; Kawakami K; Yoneda Y,2013,Journal of Biological Chemistry,288,21,15085-15097,10.1074/jbc.m112.448837,https://api.crossref.org/works/10.1074/jbc.m112.448837
Localized cell death focuses mechanical forces during 3D patterning in a biofilm,Asally M; Kittisopikul M; Rué P; Du Y; Hu Z; Çağatay T; Robinson AB; Lu H; Garcia-Ojalvo J; Süel GM,2012,Proceedings of the National Academy of Sciences,109,46,18891-18896,10.1073/pnas.1212429109,https://api.crossref.org/works/10.1073/pnas.1212429109
Nuclear retention of importin α coordinates cell fate through changes in gene expression,Yasuda Y; Miyamoto Y; Yamashiro T; Asally M; Masui A; Wong C; Loveland KL; Yoneda Y,2012,The EMBO Journal,31,1,83-94,10.1038/emboj.2011.360,https://api.crossref.org/works/10.1038/emboj.2011.360
"Nup358, a nucleoporin, functions as a key determinant of the nuclear pore complex structure remodeling during skeletal myogenesis",Asally M; Yasuda Y; Oka M; Otsuka S; Yoshimura SH; Takeyasu K; Yoneda Y,2011,FEBS Journal,278,4,610-621,10.1111/j.1742-4658.2010.07982.x,https://api.crossref.org/works/10.1111/j.1742-4658.2010.07982.x
The Mobile FG Nucleoporin Nup98 Is a Cofactor for Crm1-dependent Protein Export,Oka M; Asally M; Yasuda Y; Ogawa Y; Tachibana T; Yoneda Y,2010,Molecular Biology of the Cell,21,11,1885-1896,10.1091/mbc.e09-12-1041,https://api.crossref.org/works/10.1091/mbc.e09-12-1041
Two Isoforms of Npap60 (Nup50) Differentially Regulate Nuclear Protein Import,Ogawa Y; Miyamoto Y; Asally M; Oka M; Yasuda Y; Yoneda Y,2010,Molecular Biology of the Cell,21,4,630-638,10.1091/mbc.e09-05-0374,https://api.crossref.org/works/10.1091/mbc.e09-05-0374
Triggering neural differentiation of ES cells by subtype switching of importin-α,Yasuhara N; Shibazaki N; Tanaka S; Nagai M; Kamikawa Y; Oe S; Asally M; Kamachi Y; Kondoh H; Yoneda Y,2007,Nature Cell Biology,9,1,72-79,10.1038/ncb1521,https://api.crossref.org/works/10.1038/ncb1521
"β-Catenin can act as a nuclear import receptor for its partner transcription factor, lymphocyte enhancer factor-1 (lef-1)",Asally M; Yoneda Y,2005,Experimental Cell Research,308,2,357-363,10.1016/j.yexcr.2005.05.011,https://api.crossref.org/works/10.1016/j.yexcr.2005.05.011
